[
    {
        "pid" : "1",
        "image" : "/images/1.webp",
        "name" : "후드티",
        "price": 15000,
        "info" : "분홍색 후드티",
        "imgList" : [
            "/images/1.webp",
            "/images/1.webp",
            "/images/1.webp"
        ]
    },
    {
        "pid" : "2",
        "image" : "/images/2.webp",
        "name" : "후드티",
        "price": 15000,
        "info" : "검정색 후드티",
        "imgList" : [
            "/images/2.webp",
            "/images/2.webp",
            "/images/2.webp"
        ]
    },
    {
        "pid" : "3",
        "image" : "/images/3.webp",
        "name" : "원피스",
        "price": 25000,
        "info" : "원피스",
        "imgList" : [
            "/images/3.webp",
            "/images/3.webp",
            "/images/3.webp"
        ]
    },
    {
        "pid" : "4",
        "image" : "/images/4.webp",
        "name" : "티셔츠",
        "price": 12000,
        "info" : "티셔츠",
        "imgList" : [
            "/images/4.webp",
            "/images/4.webp",
            "/images/4.webp"            
        ]
    },
    {
        "pid" : "5",
        "image" : "/images/5.webp",
        "name" : "티셔츠",
        "price": 20000,
        "info" : "티셔츠",
        "imgList": [
            "/images/5.webp",
            "/images/5.webp",
            "/images/5.webp"
        ]
    },
    {
        "pid" : "6",
        "image" : "/images/6.webp",
        "name" : "스트레치 비스트 드레스",
        "price": 55000,
        "info" : "스트레치 비스트 드레스",
        "imgList": [
            "/images/6.webp",
            "/images/6.webp",
            "/images/6.webp"
        ]
    },
    {
        "pid" : "7",
        "image" : "/images/7.webp",
        "name" : "자켓",
        "price": 115000,
        "info" : "자켓",
        "imgList": [
            "/images/7.webp",
            "/images/7.webp",
            "/images/7.webp"
        ]
    }
]